﻿<?xml version="1.0" encoding="utf-8"?>
<SupportConfig FileVersion="1">
  <XSpace>5</XSpace>
  <YSpace>5</YSpace>
  <HeadTopRadiusMM>0.200000002980232</HeadTopRadiusMM>
  <HeadBottomRadiusMM>0.5</HeadBottomRadiusMM>
  <FootTopRadiusMM>0.5</FootTopRadiusMM>
  <FootBottomRadiusMM>2</FootBottomRadiusMM>
  <FootBottomIntraRadiusMM>0.200000002980232</FootBottomIntraRadiusMM>
  <MinAdaptiveGap>3.5</MinAdaptiveGap>
  <DownwardAngle>45</DownwardAngle>
  <GenerateOnDownward>False</GenerateOnDownward>
</SupportConfig>