﻿<?xml version="1.0" encoding="utf-8"?>
<GuiConfig FileVersion="1">
  <buttons>
    <button name="DisplayOn" dock="cc" w="48" h="48" style="TopBars" click="plJuell3dDisplayOn" image="projectoron" action="addto" parent="pnlTopIcons" />
    <button name="DisplayOff" dock="cc" w="48" h="48" style="TopBars" click="plJuell3dDisplayOff" image="projectoroff" action="addto" parent="pnlTopIcons" />
    <button name="TrayChange" dock="cc" w="48" h="48" style="TopBars" click="plJuell3dtraychangeseq" image="traychange1" action="addto" parent="pnlTopIcons" />
    <button name="PrepBuild" dock="cc" w="48" h="48" style="TopBars" click="plJuell3dPrepareForBuild" image="buildpos2" action="addto" parent="pnlTopIcons" />
    <button name="slice" dock="tl" x="300" y="10" w="48" h="48" image="slice" />
  </buttons>
  <controls>
    <control name="ctlManualControl" action="remove" />
    <control name="ctlSliceProfileConfig" action="hide" />
    <control name="ctlJuellManual" x="0" y="0" action="addto" parent="ctlMainManual" />
    <control name="guimachineconfig" action="remove" />
    <control name="ctlJuelConfigMachine" action="addto" parent="guimachineconfigparent" />
  </controls>
  <decals />
  <layouts />
  <sequences />
</GuiConfig>